{
    "Accuracy": 0.8974115412016148,
    "Precision": 0.8780191125850596,
    "Recall": 0.8974115412016148,
    "F1-Score": 0.8792747707569941,
    "Confusion Matrix": [
        [
            2765,
            1,
            104
        ],
        [
            109,
            3,
            65
        ],
        [
            150,
            3,
            1011
        ]
    ]
}